一,一,一,1,AAA
丁,丁,丁,1,AAA
七,七,七,1,AAA
万,萬,万,3,ABA
丈,丈,丈,1,AAA
三,三,三,1,AAA
上,上,上,1,AAA
下,下,下,1,AAA
不,不,不,1,AAA
与,與,与,3,ABA
且,且,且,1,AAA
世,世,世,1,AAA
丘,丘,丘,1,AAA
丙,丙,丙,1,AAA
両,兩,两,5,ABC
並,並,並,1,AAA
中,中,中,1,AAA
丸,丸,丸,1,AAA
丹,丹,丹,1,AAA
主,主,主,1,AAA
久,久,久,1,AAA
乏,乏,乏,1,AAA
乗,乘,乘,4,ABB
乙,乙,乙,1,AAA
九,九,九,1,AAA
乱,亂,乱,3,ABA
乳,乳,乳,1,AAA
乾,乾,干,2,AAB
了,了,了,1,AAA
予,予,予,1,AAA
争,爭,争,3,ABA
事,事,事,1,AAA
二,二,二,1,AAA
互,互,互,1,AAA
五,五,五,1,AAA
井,井,井,1,AAA
亜,亞,亚,5,ABC
亡,亡,亡,1,AAA
交,交,交,1,AAA
享,享,享,1,AAA
京,京,京,1,AAA
亭,亭,亭,1,AAA
人,人,人,1,AAA
仁,仁,仁,1,AAA
今,今,今,1,AAA
介,介,介,1,AAA
仏,佛,佛,4,ABB
仕,仕,仕,1,AAA
他,他,他,1,AAA
付,付,付,1,AAA
仙,仙,仙,1,AAA
代,代,代,1,AAA
令,令,令,1,AAA
以,以,以,1,AAA
仮,假,假,4,ABB
仰,仰,仰,1,AAA
仲,仲,仲,1,AAA
件,件,件,1,AAA
任,任,任,1,AAA
企,企,企,1,AAA
伏,伏,伏,1,AAA
伐,伐,伐,1,AAA
休,休,休,1,AAA
会,會,会,3,ABA
伝,傳,传,5,ABC
伯,伯,伯,1,AAA
伴,伴,伴,1,AAA
伸,伸,伸,1,AAA
伺,伺,伺,1,AAA
似,似,似,1,AAA
但,但,但,1,AAA
位,位,位,1,AAA
低,低,低,1,AAA
住,住,住,1,AAA
佐,佐,佐,1,AAA
体,體,体,3,ABA
何,何,何,1,AAA
余,余,余,1,AAA
作,作,作,1,AAA
佳,佳,佳,1,AAA
併,併,併,1,AAA
使,使,使,1,AAA
例,例,例,1,AAA
侍,侍,侍,1,AAA
供,供,供,1,AAA
依,依,依,1,AAA
価,價,价,5,ABC
侮,侮,侮,1,AAA
侯,侯,侯,1,AAA
侵,侵,侵,1,AAA
便,便,便,1,AAA
係,係,系,2,AAB
促,促,促,1,AAA
俊,俊,俊,1,AAA
俗,俗,俗,1,AAA
保,保,保,1,AAA
信,信,信,1,AAA
修,修,修,1,AAA
俳,俳,俳,1,AAA
俵,俵,俵,1,AAA
俸,俸,俸,1,AAA
倉,倉,仓,2,AAB
個,個,个,2,AAB
倍,倍,倍,1,AAA
倒,倒,倒,1,AAA
候,候,候,1,AAA
借,借,借,1,AAA
倣,倣,仿,2,AAB
値,値,値,1,AAA
倫,倫,伦,2,AAB
倹,儉,俭,5,ABC
偉,偉,伟,2,AAB
偏,偏,偏,1,AAA
停,停,停,1,AAA
健,健,健,1,AAA
側,側,侧,2,AAB
偵,偵,侦,2,AAB
偶,偶,偶,1,AAA
偽,偽,伪,2,AAB
傍,傍,傍,1,AAA
傑,傑,杰,2,AAB
傘,傘,伞,2,AAB
備,備,备,2,AAB
催,催,催,1,AAA
債,債,债,2,AAB
傷,傷,伤,2,AAB
傾,傾,倾,2,AAB
働,,,0,ANN
像,像,像,1,AAA
僕,僕,仆,2,AAB
僚,僚,僚,1,AAA
僧,僧,僧,1,AAA
儀,儀,仪,2,AAB
億,億,亿,2,AAB
儒,儒,儒,1,AAA
償,償,偿,2,AAB
優,優,优,2,AAB
元,元,元,1,AAA
兄,兄,兄,1,AAA
充,充,充,1,AAA
兆,兆,兆,1,AAA
先,先,先,1,AAA
光,光,光,1,AAA
克,克,克,1,AAA
免,免,免,1,AAA
児,兒,儿,5,ABC
党,黨,党,3,ABA
入,入,入,1,AAA
全,全,全,1,AAA
八,八,八,1,AAA
公,公,公,1,AAA
六,六,六,1,AAA
共,共,共,1,AAA
兵,兵,兵,1,AAA
具,具,具,1,AAA
典,典,典,1,AAA
兼,兼,兼,1,AAA
内,内,内,1,AAA
円,圓,圆,5,ABC
冊,冊,冊,1,AAA
再,再,再,1,AAA
冒,冒,冒,1,AAA
冗,冗,冗,1,AAA
写,寫,写,3,ABA
冠,冠,冠,1,AAA
冬,冬,冬,1,AAA
冷,冷,冷,1,AAA
准,准,准,1,AAA
凍,凍,冻,2,AAB
凝,凝,凝,1,AAA
凡,凡,凡,1,AAA
処,處,处,5,ABC
凶,凶,凶,1,AAA
凸,凸,凸,1,AAA
凹,凹,凹,1,AAA
出,出,出,1,AAA
刀,刀,刀,1,AAA
刃,刃,刃,1,AAA
分,分,分,1,AAA
切,切,切,1,AAA
刈,刈,刈,1,AAA
刊,刊,刊,1,AAA
刑,刑,刑,1,AAA
列,列,列,1,AAA
初,初,初,1,AAA
判,判,判,1,AAA
別,別,別,1,AAA
利,利,利,1,AAA
到,到,到,1,AAA
制,制,制,1,AAA
刷,刷,刷,1,AAA
券,券,券,1,AAA
刺,刺,刺,1,AAA
刻,刻,刻,1,AAA
則,則,则,2,AAB
削,削,削,1,AAA
前,前,前,1,AAA
剖,剖,剖,1,AAA
剛,剛,刚,2,AAB
剣,劍,剑,5,ABC
剤,劑,剂,5,ABC
副,副,副,1,AAA
剰,剩,剩,4,ABB
割,割,割,1,AAA
創,創,创,2,AAB
劇,劇,剧,2,AAB
力,力,力,1,AAA
功,功,功,1,AAA
加,加,加,1,AAA
劣,劣,劣,1,AAA
助,助,助,1,AAA
努,努,努,1,AAA
励,勵,励,3,ABA
労,勞,劳,5,ABC
効,效,效,4,ABB
劾,劾,劾,1,AAA
勅,勅,勅,1,AAA
勇,勇,勇,1,AAA
勉,勉,勉,1,AAA
動,動,动,2,AAB
勘,勘,勘,1,AAA
務,務,务,2,AAB
勝,勝,胜,2,AAB
募,募,募,1,AAA
勢,勢,势,2,AAB
勤,勤,勤,1,AAA
勧,勸,劝,5,ABC
勲,勳,勋,5,ABC
勺,勺,勺,1,AAA
匁,,,0,ANN
包,包,包,1,AAA
化,化,化,1,AAA
北,北,北,1,AAA
匠,匠,匠,1,AAA
匹,匹,匹,1,AAA
区,區,区,3,ABA
医,醫,医,3,ABA
匿,匿,匿,1,AAA
十,十,十,1,AAA
千,千,千,1,AAA
升,升,升,1,AAA
午,午,午,1,AAA
半,半,半,1,AAA
卑,卑,卑,1,AAA
卒,卒,卒,1,AAA
卓,卓,卓,1,AAA
協,協,协,2,AAB
南,南,南,1,AAA
単,單,单,5,ABC
博,博,博,1,AAA
占,占,占,1,AAA
印,印,印,1,AAA
危,危,危,1,AAA
即,即,即,1,AAA
却,卻,却,3,ABA
卵,卵,卵,1,AAA
卸,卸,卸,1,AAA
厄,厄,厄,1,AAA
厘,厘,厘,1,AAA
厚,厚,厚,1,AAA
原,原,原,1,AAA
厳,嚴,严,5,ABC
去,去,去,1,AAA
参,參,参,3,ABA
又,又,又,1,AAA
及,及,及,1,AAA
友,友,友,1,AAA
双,雙,双,3,ABA
反,反,反,1,AAA
収,収,収,1,AAA
叔,叔,叔,1,AAA
取,取,取,1,AAA
受,受,受,1,AAA
叙,敘,叙,3,ABA
口,口,口,1,AAA
古,古,古,1,AAA
句,句,句,1,AAA
叫,叫,叫,1,AAA
召,召,召,1,AAA
可,可,可,1,AAA
台,台,台,1,AAA
史,史,史,1,AAA
右,右,右,1,AAA
号,號,号,3,ABA
司,司,司,1,AAA
各,各,各,1,AAA
合,合,合,1,AAA
吉,吉,吉,1,AAA
同,同,同,1,AAA
名,名,名,1,AAA
后,后,后,1,AAA
吏,吏,吏,1,AAA
吐,吐,吐,1,AAA
向,向,向,1,AAA
君,君,君,1,AAA
吟,吟,吟,1,AAA
否,否,否,1,AAA
含,含,含,1,AAA
吸,吸,吸,1,AAA
吹,吹,吹,1,AAA
呈,呈,呈,1,AAA
呉,呉,呉,1,AAA
告,告,告,1,AAA
周,周,周,1,AAA
味,味,味,1,AAA
呼,呼,呼,1,AAA
命,命,命,1,AAA
和,和,和,1,AAA
咲,咲,咲,1,AAA
哀,哀,哀,1,AAA
品,品,品,1,AAA
員,員,员,2,AAB
哲,哲,哲,1,AAA
唆,唆,唆,1,AAA
唇,唇,唇,1,AAA
唐,唐,唐,1,AAA
唯,唯,唯,1,AAA
唱,唱,唱,1,AAA
商,商,商,1,AAA
問,問,问,2,AAB
啓,啓,启,2,AAB
善,善,善,1,AAA
喚,喚,唤,2,AAB
喜,喜,喜,1,AAA
喝,喝,喝,4,ABB
喪,喪,丧,2,AAB
喫,喫,吃,2,AAB
営,營,营,5,ABC
嗣,嗣,嗣,1,AAA
嘆,嘆,叹,2,AAB
嘱,囑,嘱,3,ABA
器,器,器,1,AAA
噴,噴,喷,2,AAB
嚇,嚇,吓,2,AAB
囚,囚,囚,1,AAA
四,四,四,1,AAA
回,回,回,1,AAA
因,因,因,1,AAA
団,團,团,5,ABC
困,困,困,1,AAA
囲,圍,围,5,ABC
図,圖,图,5,ABC
固,固,固,1,AAA
国,國,国,3,ABA
圏,圏,圏,1,AAA
園,園,园,2,AAB
土,土,土,1,AAA
圧,壓,压,5,ABC
在,在,在,1,AAA
地,地,地,1,AAA
坂,坂,坂,1,AAA
均,均,均,1,AAA
坊,坊,坊,1,AAA
坑,坑,坑,1,AAA
坪,坪,坪,1,AAA
垂,垂,垂,1,AAA
型,型,型,1,AAA
垣,垣,垣,1,AAA
埋,埋,埋,1,AAA
城,城,城,1,AAA
域,域,域,1,AAA
執,執,执,2,AAB
培,培,培,1,AAA
基,基,基,1,AAA
堀,堀,堀,1,AAA
堂,堂,堂,1,AAA
堅,堅,坚,2,AAB
堕,墮,堕,3,ABA
堤,堤,堤,1,AAA
堪,堪,堪,1,AAA
報,報,报,2,AAB
場,場,场,2,AAB
塀,,,0,ANN
塁,壘,垒,5,ABC
塊,塊,块,2,AAB
塑,塑,塑,1,AAA
塔,塔,塔,1,AAA
塗,塗,涂,2,AAB
塚,塚,冢,2,AAB
塩,鹽,盐,5,ABC
塾,塾,塾,1,AAA
境,境,境,1,AAA
墓,墓,墓,1,AAA
増,增,增,4,ABB
墜,墜,坠,2,AAB
墨,墨,墨,1,AAA
墳,墳,坟,2,AAB
墾,墾,垦,2,AAB
壁,壁,壁,1,AAA
壇,壇,坛,2,AAB
壊,壞,坏,5,ABC
壌,壤,壤,4,ABB
士,士,士,1,AAA
壮,壯,壮,3,ABA
声,聲,声,3,ABA
壱,壹,壹,4,ABB
売,賣,卖,5,ABC
変,變,变,5,ABC
夏,夏,夏,1,AAA
夕,夕,夕,1,AAA
外,外,外,1,AAA
多,多,多,1,AAA
夜,夜,夜,1,AAA
夢,夢,梦,2,AAB
大,大,大,1,AAA
天,天,天,1,AAA
太,太,太,1,AAA
夫,夫,夫,1,AAA
央,央,央,1,AAA
失,失,失,1,AAA
奇,奇,奇,1,AAA
奉,奉,奉,1,AAA
奏,奏,奏,1,AAA
契,契,契,1,AAA
奔,奔,奔,1,AAA
奥,奧,奥,3,ABA
奨,奬,奬,4,ABB
奪,奪,夺,2,AAB
奮,奮,奋,2,AAB
女,女,女,1,AAA
奴,奴,奴,1,AAA
好,好,好,1,AAA
如,如,如,1,AAA
妃,妃,妃,1,AAA
妄,妄,妄,1,AAA
妊,妊,妊,1,AAA
妙,妙,妙,1,AAA
妥,妥,妥,1,AAA
妨,妨,妨,1,AAA
妹,妹,妹,1,AAA
妻,妻,妻,1,AAA
姉,姉,姉,1,AAA
始,始,始,1,AAA
姓,姓,姓,1,AAA
委,委,委,1,AAA
姫,姬,姬,4,ABB
姻,姻,姻,1,AAA
姿,姿,姿,1,AAA
威,威,威,1,AAA
娘,娘,娘,1,AAA
娠,娠,娠,1,AAA
娯,娯,娯,1,AAA
婆,婆,婆,1,AAA
婚,婚,婚,1,AAA
婦,婦,妇,2,AAB
婿,婿,婿,1,AAA
媒,媒,媒,1,AAA
嫁,嫁,嫁,1,AAA
嫌,嫌,嫌,1,AAA
嫡,嫡,嫡,1,AAA
嬢,孃,娘,5,ABC
子,子,子,1,AAA
孔,孔,孔,1,AAA
字,字,字,1,AAA
存,存,存,1,AAA
孝,孝,孝,1,AAA
季,季,季,1,AAA
孤,孤,孤,1,AAA
学,學,学,3,ABA
孫,孫,孙,2,AAB
宅,宅,宅,1,AAA
宇,宇,宇,1,AAA
守,守,守,1,AAA
安,安,安,1,AAA
完,完,完,1,AAA
宗,宗,宗,1,AAA
官,官,官,1,AAA
宙,宙,宙,1,AAA
定,定,定,1,AAA
宜,宜,宜,1,AAA
宝,寶,宝,3,ABA
実,實,实,5,ABC
客,客,客,1,AAA
宣,宣,宣,1,AAA
室,室,室,1,AAA
宮,宮,宮,1,AAA
宰,宰,宰,1,AAA
害,害,害,1,AAA
宴,宴,宴,1,AAA
宵,宵,宵,1,AAA
家,家,家,1,AAA
容,容,容,1,AAA
宿,宿,宿,1,AAA
寂,寂,寂,1,AAA
寄,寄,寄,1,AAA
密,密,密,1,AAA
富,富,富,1,AAA
寒,寒,寒,1,AAA
寛,寬,宽,5,ABC
寝,寢,寝,3,ABA
察,察,察,1,AAA
寡,寡,寡,1,AAA
寧,寧,宁,2,AAB
審,審,审,2,AAB
寮,寮,寮,1,AAA
寸,寸,寸,1,AAA
寺,寺,寺,1,AAA
対,對,对,5,ABC
寿,壽,寿,3,ABA
封,封,封,1,AAA
専,專,专,5,ABC
射,射,射,1,AAA
将,将,将,1,AAA
尉,尉,尉,1,AAA
尊,尊,尊,1,AAA
尋,尋,寻,2,AAB
導,導,导,2,AAB
小,小,小,1,AAA
少,少,少,1,AAA
尚,尚,尚,1,AAA
就,就,就,1,AAA
尺,尺,尺,1,AAA
尼,尼,尼,1,AAA
尽,盡,尽,3,ABA
尾,尾,尾,1,AAA
尿,尿,尿,1,AAA
局,局,局,1,AAA
居,居,居,1,AAA
屈,屈,屈,1,AAA
届,屆,届,3,ABA
屋,屋,屋,1,AAA
展,展,展,1,AAA
属,屬,属,3,ABA
層,層,层,2,AAB
履,履,履,1,AAA
屯,屯,屯,1,AAA
山,山,山,1,AAA
岐,岐,岐,1,AAA
岩,岩,岩,1,AAA
岬,岬,岬,1,AAA
岳,岳,岳,1,AAA
岸,岸,岸,1,AAA
峠,,,0,ANN
峡,峽,峡,3,ABA
峰,峰,峰,1,AAA
島,島,岛,2,AAB
崇,崇,崇,1,AAA
崎,崎,崎,1,AAA
崩,崩,崩,1,AAA
川,川,川,1,AAA
州,州,州,1,AAA
巡,巡,巡,1,AAA
巣,巢,巢,4,ABB
工,工,工,1,AAA
左,左,左,1,AAA
巧,巧,巧,1,AAA
巨,巨,巨,1,AAA
差,差,差,1,AAA
己,己,己,1,AAA
巻,卷,卷,4,ABB
市,市,市,1,AAA
布,布,布,1,AAA
帆,帆,帆,1,AAA
希,希,希,1,AAA
帝,帝,帝,1,AAA
帥,帥,帅,2,AAB
師,師,师,2,AAB
席,席,席,1,AAA
帯,帶,带,5,ABC
帰,歸,归,5,ABC
帳,帳,帐,2,AAB
常,常,常,1,AAA
帽,帽,帽,1,AAA
幅,幅,幅,1,AAA
幕,幕,幕,1,AAA
幣,幣,币,2,AAB
干,干,干,1,AAA
平,平,平,1,AAA
年,年,年,1,AAA
幸,幸,幸,1,AAA
幹,幹,干,2,AAB
幻,幻,幻,1,AAA
幼,幼,幼,1,AAA
幽,幽,幽,1,AAA
幾,幾,几,2,AAB
庁,廳,厅,5,ABC
広,廣,广,5,ABC
床,床,床,1,AAA
序,序,序,1,AAA
底,底,底,1,AAA
店,店,店,1,AAA
府,府,府,1,AAA
度,度,度,1,AAA
座,座,座,1,AAA
庫,庫,库,2,AAB
庭,庭,庭,1,AAA
庶,庶,庶,1,AAA
康,康,康,1,AAA
庸,庸,庸,1,AAA
廃,廢,废,5,ABC
廉,廉,廉,1,AAA
廊,廊,廊,1,AAA
延,延,延,1,AAA
廷,廷,廷,1,AAA
建,建,建,1,AAA
弁,弁,弁,1,AAA
弊,弊,弊,1,AAA
式,式,式,1,AAA
弐,貳,贰,5,ABC
弓,弓,弓,1,AAA
弔,弔,吊,2,AAB
引,引,引,1,AAA
弟,弟,弟,1,AAA
弦,弦,弦,1,AAA
弧,弧,弧,1,AAA
弱,弱,弱,1,AAA
張,張,张,2,AAB
強,強,強,1,AAA
弾,彈,弹,5,ABC
当,當,当,3,ABA
形,形,形,1,AAA
彩,彩,彩,1,AAA
彫,彫,雕,2,AAB
彰,彰,彰,1,AAA
影,影,影,1,AAA
役,役,役,1,AAA
彼,彼,彼,1,AAA
往,往,往,1,AAA
征,征,征,1,AAA
径,径,径,1,AAA
待,待,待,1,AAA
律,律,律,1,AAA
後,後,后,2,AAB
徐,徐,徐,1,AAA
徒,徒,徒,1,AAA
従,從,从,5,ABC
得,得,得,1,AAA
御,御,御,1,AAA
復,復,复,2,AAB
循,循,循,1,AAA
微,微,微,1,AAA
徳,德,德,4,ABB
徴,徵,征,5,ABC
徹,徹,彻,2,AAB
心,心,心,1,AAA
必,必,必,1,AAA
忌,忌,忌,1,AAA
忍,忍,忍,1,AAA
志,志,志,1,AAA
忘,忘,忘,1,AAA
忙,忙,忙,1,AAA
応,應,应,5,ABC
忠,忠,忠,1,AAA
快,快,快,1,AAA
念,念,念,1,AAA
怒,怒,怒,1,AAA
怖,怖,怖,1,AAA
思,思,思,1,AAA
怠,怠,怠,1,AAA
急,急,急,1,AAA
性,性,性,1,AAA
怪,怪,怪,1,AAA
恋,戀,恋,3,ABA
恐,恐,恐,1,AAA
恒,恆,恒,3,ABA
恥,恥,耻,2,AAB
恨,恨,恨,1,AAA
恩,恩,恩,1,AAA
恭,恭,恭,1,AAA
息,息,息,1,AAA
恵,惠,惠,4,ABB
悔,悔,悔,1,AAA
悟,悟,悟,1,AAA
悠,悠,悠,1,AAA
患,患,患,1,AAA
悦,悦,悦,1,AAA
悩,惱,恼,5,ABC
悪,惡,恶,5,ABC
悲,悲,悲,1,AAA
悼,悼,悼,1,AAA
情,情,情,1,AAA
惑,惑,惑,1,AAA
惜,惜,惜,1,AAA
惨,慘,惨,3,ABA
惰,惰,惰,1,AAA
想,想,想,1,AAA
愁,愁,愁,1,AAA
愉,愉,愉,1,AAA
意,意,意,1,AAA
愚,愚,愚,1,AAA
愛,愛,爱,2,AAB
感,感,感,1,AAA
慈,慈,慈,1,AAA
態,態,态,2,AAB
慌,慌,慌,1,AAA
慎,慎,慎,1,AAA
慕,慕,慕,1,AAA
慢,慢,慢,1,AAA
慣,慣,惯,2,AAB
慨,慨,慨,1,AAA
慮,慮,虑,2,AAB
慰,慰,慰,1,AAA
慶,慶,庆,2,AAB
憂,憂,忧,2,AAB
憎,憎,憎,1,AAA
憤,憤,愤,2,AAB
憩,憩,憩,1,AAA
憲,憲,宪,2,AAB
憶,憶,忆,2,AAB
憾,憾,憾,1,AAA
懇,懇,恳,2,AAB
懐,懷,怀,5,ABC
懲,懲,惩,5,ABC
懸,懸,悬,2,AAB
成,成,成,1,AAA
我,我,我,1,AAA
戒,戒,戒,1,AAA
戦,戰,战,5,ABC
戯,戲,戏,5,ABC
戸,戸,戸,1,AAA
戻,戾,戾,4,ABB
房,房,房,1,AAA
所,所,所,1,AAA
扇,扇,扇,1,AAA
扉,扉,扉,1,AAA
手,手,手,1,AAA
才,才,才,1,AAA
打,打,打,1,AAA
払,拂,拂,4,ABB
扱,扱,扱,1,AAA
扶,扶,扶,1,AAA
批,批,批,1,AAA
承,承,承,1,AAA
技,技,技,1,AAA
抄,抄,抄,1,AAA
把,把,把,1,AAA
抑,抑,抑,1,AAA
投,投,投,1,AAA
抗,抗,抗,1,AAA
折,折,折,1,AAA
抜,拔,拔,4,ABB
択,擇,择,5,ABC
披,披,披,1,AAA
抱,抱,抱,1,AAA
抵,抵,抵,1,AAA
抹,抹,抹,1,AAA
押,押,押,1,AAA
抽,抽,抽,1,AAA
担,擔,担,3,ABA
拍,拍,拍,1,AAA
拐,拐,拐,1,AAA
拒,拒,拒,1,AAA
拓,拓,拓,1,AAA
拘,拘,拘,1,AAA
拙,拙,拙,1,AAA
招,招,招,1,AAA
拝,拜,拜,4,ABB
拠,據,据,5,ABC
拡,擴,扩,5,ABC
括,括,括,1,AAA
拷,拷,拷,1,AAA
拾,拾,拾,1,AAA
持,持,持,1,AAA
指,指,指,1,AAA
挑,挑,挑,1,AAA
挙,擧,举,5,ABC
挟,挾,挟,3,ABA
振,振,振,1,AAA
挿,插,插,4,ABB
捕,捕,捕,1,AAA
捜,搜,搜,4,ABB
捨,捨,舍,5,ABC
据,据,据,1,AAA
掃,掃,扫,2,AAB
授,授,授,1,AAA
掌,掌,掌,1,AAA
排,排,排,1,AAA
掘,掘,掘,1,AAA
掛,掛,挂,2,AAB
採,採,采,2,AAB
探,探,探,1,AAA
接,接,接,1,AAA
控,控,控,1,AAA
推,推,推,1,AAA
措,措,措,1,AAA
掲,揭,揭,4,ABB
描,描,描,1,AAA
提,提,提,1,AAA
揚,揚,扬,2,AAB
換,換,换,2,AAB
握,握,握,1,AAA
揮,揮,挥,2,AAB
援,援,援,1,AAA
揺,搖,摇,5,ABC
損,損,损,2,AAB
搬,搬,搬,1,AAA
搭,搭,搭,1,AAA
携,攜,携,3,ABA
搾,搾,榨,2,AAB
摂,攝,摄,5,ABC
摘,摘,摘,1,AAA
摩,摩,摩,1,AAA
撃,擊,击,5,ABC
撤,撤,撤,1,AAA
撮,撮,撮,1,AAA
撲,撲,扑,2,AAB
擁,擁,拥,2,AAB
操,操,操,1,AAA
擦,擦,擦,1,AAA
擬,擬,拟,2,AAB
支,支,支,1,AAA
改,改,改,1,AAA
攻,攻,攻,1,AAA
放,放,放,1,AAA
政,政,政,1,AAA
故,故,故,1,AAA
敏,敏,敏,1,AAA
救,救,救,1,AAA
敗,敗,败,2,AAB
教,教,教,1,AAA
敢,敢,敢,1,AAA
散,散,散,1,AAA
敬,敬,敬,1,AAA
数,數,数,3,ABA
整,整,整,1,AAA
敵,敵,敌,2,AAB
敷,敷,敷,1,AAA
文,文,文,1,AAA
斉,齊,齐,5,ABC
斎,齋,斋,5,ABC
斗,斗,斗,1,AAA
料,料,料,1,AAA
斜,斜,斜,1,AAA
斤,斤,斤,1,AAA
斥,斥,斥,1,AAA
断,斷,断,3,ABA
新,新,新,1,AAA
方,方,方,1,AAA
施,施,施,1,AAA
旅,旅,旅,1,AAA
旋,旋,旋,1,AAA
族,族,族,1,AAA
旗,旗,旗,1,AAA
既,既,既,1,AAA
日,日,日,1,AAA
旧,舊,旧,3,ABA
旨,旨,旨,1,AAA
早,早,早,1,AAA
旬,旬,旬,1,AAA
昆,昆,昆,1,AAA
昇,昇,升,2,AAB
明,明,明,1,AAA
易,易,易,1,AAA
昔,昔,昔,1,AAA
星,星,星,1,AAA
映,映,映,1,AAA
春,春,春,1,AAA
昨,昨,昨,1,AAA
昭,昭,昭,1,AAA
是,是,是,1,AAA
昼,晝,昼,3,ABA
時,時,时,2,AAB
晩,晩,晩,1,AAA
普,普,普,1,AAA
景,景,景,1,AAA
晴,晴,晴,1,AAA
晶,晶,晶,1,AAA
暁,曉,晓,5,ABC
暇,暇,暇,1,AAA
暑,暑,暑,1,AAA
暖,暖,暖,1,AAA
暗,暗,暗,1,AAA
暦,曆,历,5,ABC
暫,暫,暂,2,AAB
暮,暮,暮,1,AAA
暴,暴,暴,1,AAA
曇,曇,昙,2,AAB
曜,曜,曜,1,AAA
曲,曲,曲,1,AAA
更,更,更,1,AAA
書,書,书,2,AAB
曹,曹,曹,1,AAA
替,替,替,1,AAA
最,最,最,1,AAA
月,月,月,1,AAA
有,有,有,1,AAA
服,服,服,1,AAA
朕,朕,朕,1,AAA
朗,朗,朗,1,AAA
望,望,望,1,AAA
朝,朝,朝,1,AAA
期,期,期,1,AAA
木,木,木,1,AAA
未,未,未,1,AAA
末,末,末,1,AAA
本,本,本,1,AAA
札,札,札,1,AAA
朱,朱,朱,1,AAA
朴,朴,朴,1,AAA
机,機,机,3,ABA
朽,朽,朽,1,AAA
杉,杉,杉,1,AAA
材,材,材,1,AAA
村,村,村,1,AAA
束,束,束,1,AAA
条,條,条,3,ABA
来,來,来,3,ABA
杯,杯,杯,1,AAA
東,東,东,2,AAB
松,松,松,1,AAA
板,板,板,1,AAA
析,析,析,1,AAA
林,林,林,1,AAA
枚,枚,枚,1,AAA
果,果,果,1,AAA
枝,枝,枝,1,AAA
枠,,,0,ANN
枢,樞,枢,3,ABA
枯,枯,枯,1,AAA
架,架,架,1,AAA
柄,柄,柄,1,AAA
某,某,某,1,AAA
染,染,染,1,AAA
柔,柔,柔,1,AAA
柱,柱,柱,1,AAA
柳,柳,柳,1,AAA
査,査,査,1,AAA
栄,榮,荣,5,ABC
栓,栓,栓,1,AAA
校,校,校,1,AAA
株,株,株,1,AAA
核,核,核,1,AAA
根,根,根,1,AAA
格,格,格,1,AAA
栽,栽,栽,1,AAA
桃,桃,桃,1,AAA
案,案,案,1,AAA
桑,桑,桑,1,AAA
桜,櫻,樱,5,ABC
桟,棧,栈,5,ABC
梅,梅,梅,1,AAA
械,械,械,1,AAA
棄,棄,弃,2,AAB
棋,棋,棋,1,AAA
棒,棒,棒,1,AAA
棚,棚,棚,1,AAA
棟,棟,栋,2,AAB
森,森,森,1,AAA
棺,棺,棺,1,AAA
植,植,植,1,AAA
検,檢,检,5,ABC
業,業,业,2,AAB
極,極,极,2,AAB
楼,樓,楼,3,ABA
楽,樂,乐,5,ABC
概,概,概,1,AAA
構,構,构,2,AAB
様,樣,样,5,ABC
槽,槽,槽,1,AAA
標,標,标,2,AAB
模,模,模,1,AAA
権,權,权,5,ABC
横,横,横,1,AAA
樹,樹,树,2,AAB
橋,橋,桥,2,AAB
機,機,机,2,AAB
欄,欄,栏,5,ABC
欠,欠,欠,1,AAA
次,次,次,1,AAA
欧,歐,欧,3,ABA
欲,欲,欲,1,AAA
欺,欺,欺,1,AAA
款,款,款,1,AAA
歌,歌,歌,1,AAA
歓,歡,欢,5,ABC
止,止,止,1,AAA
正,正,正,1,AAA
武,武,武,1,AAA
歩,歩,歩,1,AAA
歯,齒,齿,5,ABC
歳,歳,歳,1,AAA
歴,歷,历,5,ABC
死,死,死,1,AAA
殉,殉,殉,1,AAA
殊,殊,殊,1,AAA
残,殘,残,5,ABC
殖,殖,殖,1,AAA
殴,毆,殴,3,ABA
段,段,段,1,AAA
殺,殺,杀,2,AAB
殻,殼,壳,5,ABC
殿,殿,殿,1,AAA
母,母,母,1,AAA
毎,毎,毎,1,AAA
毒,毒,毒,1,AAA
比,比,比,1,AAA
毛,毛,毛,1,AAA
氏,氏,氏,1,AAA
民,民,民,1,AAA
気,氣,气,5,ABC
水,水,水,1,AAA
氷,冰,冰,4,ABB
永,永,永,1,AAA
汁,汁,汁,1,AAA
求,求,求,1,AAA
汗,汗,汗,1,AAA
汚,汚,汚,1,AAA
江,江,江,1,AAA
池,池,池,1,AAA
決,決,决,2,AAB
汽,汽,汽,1,AAA
沈,沈,沉,2,AAB
沖,沖,冲,2,AAB
没,没,没,1,AAA
沢,澤,泽,5,ABC
河,河,河,1,AAA
沸,沸,沸,1,AAA
油,油,油,1,AAA
治,治,治,1,AAA
沼,沼,沼,1,AAA
沿,沿,沿,1,AAA
況,況,况,2,AAB
泉,泉,泉,1,AAA
泊,泊,泊,1,AAA
泌,泌,泌,1,AAA
法,法,法,1,AAA
泡,泡,泡,1,AAA
波,波,波,1,AAA
泣,泣,泣,1,AAA
泥,泥,泥,1,AAA
注,注,注,1,AAA
泰,泰,泰,1,AAA
泳,泳,泳,1,AAA
洋,洋,洋,1,AAA
洗,洗,洗,1,AAA
洞,洞,洞,1,AAA
津,津,津,1,AAA
洪,洪,洪,1,AAA
活,活,活,1,AAA
派,派,派,1,AAA
流,流,流,1,AAA
浄,淨,净,5,ABC
浅,淺,浅,5,ABC
浜,濱,滨,5,ABC
浦,浦,浦,1,AAA
浪,浪,浪,1,AAA
浮,浮,浮,1,AAA
浴,浴,浴,1,AAA
海,海,海,1,AAA
浸,浸,浸,1,AAA
消,消,消,1,AAA
涙,淚,泪,5,ABC
涯,涯,涯,1,AAA
液,液,液,1,AAA
涼,涼,凉,2,AAB
淑,淑,淑,1,AAA
淡,淡,淡,1,AAA
深,深,深,1,AAA
混,混,混,1,AAA
添,添,添,1,AAA
清,清,清,1,AAA
渇,渴,渴,4,ABB
済,濟,济,5,ABC
渉,渉,渉,1,AAA
渋,澁,涩,5,ABC
渓,溪,溪,4,ABB
減,減,减,2,AAB
渡,渡,渡,1,AAA
渦,渦,涡,2,AAB
温,溫,温,3,ABA
測,測,测,2,AAB
港,港,港,1,AAA
湖,湖,湖,1,AAA
湯,湯,汤,2,AAB
湾,灣,湾,3,ABA
湿,濕,湿,3,ABA
満,滿,满,5,ABC
源,源,源,1,AAA
準,準,准,2,AAB
溝,溝,沟,2,AAB
溶,溶,溶,1,AAA
滅,滅,灭,2,AAB
滋,滋,滋,1,AAA
滑,滑,滑,1,AAA
滝,瀧,泷,5,ABC
滞,滯,滞,5,ABC
滴,滴,滴,1,AAA
漁,漁,渔,2,AAB
漂,漂,漂,1,AAA
漆,漆,漆,1,AAA
漏,漏,漏,1,AAA
演,演,演,1,AAA
漠,漠,漠,1,AAA
漢,漢,汉,2,AAB
漫,漫,漫,1,AAA
漬,漬,渍,2,AAB
漸,漸,渐,2,AAB
潔,潔,洁,2,AAB
潜,潛,潜,3,ABA
潟,潟,舄,2,AAB
潤,潤,润,2,AAB
潮,潮,潮,1,AAA
澄,澄,澄,1,AAA
激,激,激,1,AAA
濁,濁,浊,2,AAB
濃,濃,浓,2,AAB
濫,濫,滥,2,AAB
濯,濯,濯,2,AAB
瀬,瀨,濑,5,ABC
火,火,火,1,AAA
灯,燈,灯,3,ABA
灰,灰,灰,1,AAA
災,災,灾,2,AAB
炉,爐,炉,3,ABA
炊,炊,炊,1,AAA
炎,炎,炎,1,AAA
炭,炭,炭,1,AAA
点,點,点,3,ABA
為,為,为,2,AAB
烈,烈,烈,1,AAA
無,無,无,2,AAB
焦,焦,焦,1,AAA
然,然,然,1,AAA
焼,燒,烧,5,ABC
煙,煙,烟,2,AAB
照,照,照,1,AAA
煩,煩,烦,2,AAB
煮,煮,煮,1,AAA
熟,熟,熟,1,AAA
熱,熱,热,2,AAB
燃,燃,燃,1,AAA
燥,燥,燥,1,AAA
爆,爆,爆,1,AAA
爵,爵,爵,1,AAA
父,父,父,1,AAA
片,片,片,1,AAA
版,版,版,1,AAA
牛,牛,牛,1,AAA
牧,牧,牧,1,AAA
物,物,物,1,AAA
牲,牲,牲,1,AAA
特,特,特,1,AAA
犠,犧,牺,5,ABC
犬,犬,犬,1,AAA
犯,犯,犯,1,AAA
状,狀,状,3,ABA
狂,狂,狂,1,AAA
狩,狩,狩,1,AAA
独,獨,独,3,ABA
狭,狹,狭,3,ABA
猛,猛,猛,1,AAA
猟,獵,猎,5,ABC
猫,猫,猫,1,AAA
献,獻,献,3,ABA
猶,猶,犹,2,AAB
猿,猿,猿,1,AAA
獄,獄,狱,2,AAB
獣,獸,兽,5,ABC
獲,獲,获,2,AAB
玄,玄,玄,1,AAA
率,率,率,1,AAA
玉,玉,玉,1,AAA
王,王,王,1,AAA
珍,珍,珍,1,AAA
珠,珠,珠,1,AAA
班,班,班,1,AAA
現,現,现,2,AAB
球,球,球,1,AAA
理,理,理,1,AAA
琴,琴,琴,1,AAA
環,環,环,2,AAB
璽,璽,玺,2,AAB
瓶,瓶,瓶,1,AAA
甘,甘,甘,1,AAA
甚,甚,甚,1,AAA
生,生,生,1,AAA
産,産,产,2,AAB
用,用,用,1,AAA
田,田,田,1,AAA
由,由,由,1,AAA
甲,甲,甲,1,AAA
申,申,申,1,AAA
男,男,男,1,AAA
町,町,町,1,AAA
画,畫,画,3,ABA
界,界,界,1,AAA
畑,,,0,ANN
畔,畔,畔,1,AAA
留,留,留,1,AAA
畜,畜,畜,1,AAA
畝,畝,亩,2,AAB
略,略,略,1,AAA
番,番,番,1,AAA
異,異,异,2,AAB
畳,疊,叠,5,ABC
疎,疎,疎,1,AAA
疑,疑,疑,1,AAA
疫,疫,疫,1,AAA
疲,疲,疲,1,AAA
疾,疾,疾,1,AAA
病,病,病,1,AAA
症,症,症,1,AAA
痘,痘,痘,1,AAA
痛,痛,痛,1,AAA
痢,痢,痢,1,AAA
痴,痴,痴,1,AAA
療,療,疗,2,AAB
癒,癒,愈,2,AAB
癖,癖,癖,1,AAA
発,發,发,5,ABC
登,登,登,1,AAA
白,白,白,1,AAA
百,百,百,1,AAA
的,的,的,1,AAA
皆,皆,皆,1,AAA
皇,皇,皇,1,AAA
皮,皮,皮,1,AAA
皿,皿,皿,1,AAA
盆,盆,盆,1,AAA
益,益,益,1,AAA
盗,盜,盗,3,ABA
盛,盛,盛,1,AAA
盟,盟,盟,1,AAA
監,監,监,2,AAB
盤,盤,盘,2,AAB
目,目,目,1,AAA
盲,盲,盲,1,AAA
直,直,直,1,AAA
相,相,相,1,AAA
盾,盾,盾,1,AAA
省,省,省,1,AAA
看,看,看,1,AAA
県,縣,县,5,ABC
真,真,真,1,AAA
眠,眠,眠,1,AAA
眺,眺,眺,1,AAA
眼,眼,眼,1,AAA
着,着,着,1,AAA
睡,睡,睡,1,AAA
督,督,督,1,AAA
瞬,瞬,瞬,1,AAA
矛,矛,矛,1,AAA
矢,矢,矢,1,AAA
知,知,知,1,AAA
短,短,短,1,AAA
矯,矯,矫,2,AAB
石,石,石,1,AAA
砂,砂,砂,1,AAA
研,研,研,1,AAA
砕,碎,碎,4,ABB
砲,砲,炮,2,AAB
破,破,破,1,AAA
硝,硝,硝,1,AAA
硫,硫,硫,1,AAA
硬,硬,硬,1,AAA
碁,碁,碁,1,AAA
碑,碑,碑,1,AAA
確,確,确,2,AAB
磁,磁,磁,1,AAA
磨,磨,磨,1,AAA
礁,礁,礁,1,AAA
礎,礎,础,2,AAB
示,示,示,1,AAA
礼,禮,礼,3,ABA
社,社,社,1,AAA
祈,祈,祈,1,AAA
祉,祉,祉,1,AAA
祖,祖,祖,1,AAA
祝,祝,祝,1,AAA
神,神,神,1,AAA
祥,祥,祥,1,AAA
票,票,票,1,AAA
祭,祭,祭,1,AAA
禁,禁,禁,1,AAA
禅,禪,禅,5,ABC
禍,禍,祸,2,AAB
福,福,福,1,AAA
秀,秀,秀,1,AAA
私,私,私,1,AAA
秋,秋,秋,1,AAA
科,科,科,1,AAA
秒,秒,秒,1,AAA
秘,秘,秘,1,AAA
租,租,租,1,AAA
秩,秩,秩,1,AAA
称,稱,称,5,ABC
移,移,移,1,AAA
程,程,程,1,AAA
税,税,税,1,AAA
稚,稚,稚,1,AAA
種,種,种,2,AAB
稲,稻,稻,4,ABB
稼,稼,稼,1,AAA
稿,稿,稿,1,AAA
穀,穀,谷,2,AAB
穂,穗,穗,4,ABB
積,積,积,2,AAB
穏,穩,稳,5,ABC
穫,穫,获,2,AAB
穴,穴,穴,1,AAA
究,究,究,1,AAA
空,空,空,1,AAA
突,突,突,1,AAA
窃,竊,窃,3,ABA
窒,窒,窒,1,AAA
窓,窗,窓,3,ABA
窮,窮,穷,2,AAB
窯,窯,窑,2,AAB
立,立,立,1,AAA
竜,龍,龙,5,ABC
章,章,章,1,AAA
童,童,童,1,AAA
端,端,端,1,AAA
競,競,竞,2,AAB
竹,竹,竹,1,AAA
笑,笑,笑,1,AAA
笛,笛,笛,1,AAA
符,符,符,1,AAA
第,第,第,1,AAA
筆,筆,笔,2,AAB
等,等,等,1,AAA
筋,筋,筋,1,AAA
筒,筒,筒,1,AAA
答,答,答,1,AAA
策,策,策,1,AAA
箇,箇,个,2,AAB
算,算,算,1,AAA
管,管,管,1,AAA
箱,箱,箱,1,AAA
節,節,节,2,AAB
範,範,范,2,AAB
築,築,筑,2,AAB
篤,篤,笃,2,AAB
簡,簡,简,2,AAB
簿,簿,簿,1,AAA
籍,籍,籍,1,AAA
米,米,米,1,AAA
粉,粉,粉,1,AAA
粋,粹,粹,4,ABB
粒,粒,粒,1,AAA
粗,粗,粗,1,AAA
粘,粘,粘,1,AAA
粛,肅,肃,5,ABC
粧,粧,妆,2,AAB
精,精,精,1,AAA
糖,糖,糖,1,AAA
糧,糧,粮,2,AAB
糸,絲,丝,5,ABC
系,系,系,1,AAA
糾,糾,纠,2,AAB
紀,紀,纪,2,AAB
約,約,约,2,AAB
紅,紅,红,2,AAB
紋,紋,纹,2,AAB
納,納,纳,2,AAB
純,純,纯,2,AAB
紙,紙,纸,2,AAB
級,級,级,2,AAB
紛,紛,纷,2,AAB
素,素,素,1,AAA
紡,紡,纺,2,AAB
索,索,索,1,AAA
紫,紫,紫,1,AAA
累,累,累,1,AAA
細,細,细,2,AAB
紳,紳,绅,2,AAB
紹,紹,绍,2,AAB
紺,紺,绀,2,AAB
終,終,终,2,AAB
組,組,组,2,AAB
経,經,经,5,ABC
結,結,结,2,AAB
絞,絞,绞,2,AAB
絡,絡,络,2,AAB
給,給,给,2,AAB
統,統,统,2,AAB
絵,繪,绘,5,ABC
絶,絶,绝,2,AAB
絹,絹,绢,2,AAB
継,繼,继,5,ABC
続,續,续,5,ABC
維,維,维,2,AAB
綱,綱,纲,2,AAB
網,網,网,2,AAB
綿,綿,绵,2,AAB
緊,緊,紧,2,AAB
総,總,总,5,ABC
緑,綠,绿,5,ABC
緒,緒,绪,2,AAB
線,線,线,2,AAB
締,締,缔,2,AAB
編,編,编,2,AAB
緩,緩,缓,2,AAB
緯,緯,纬,2,AAB
練,練,练,5,ABC
縁,緣,缘,5,ABC
縄,繩,绳,5,ABC
縛,縛,缚,2,AAB
縦,縱,纵,5,ABC
縫,縫,缝,2,AAB
縮,縮,缩,2,AAB
績,績,绩,2,AAB
繁,繁,繁,1,AAA
繊,纖,纤,5,ABC
織,織,织,2,AAB
繕,繕,缮,2,AAB
繭,繭,茧,2,AAB
繰,繰,缲,2,AAB
缶,缶,缶,1,AAA
罪,罪,罪,1,AAA
置,置,置,1,AAA
罰,罰,罚,2,AAB
署,署,署,1,AAA
罷,罷,罢,2,AAB
羅,羅,罗,2,AAB
羊,羊,羊,1,AAA
美,美,美,1,AAA
群,群,群,1,AAA
義,義,义,2,AAB
羽,羽,羽,1,AAA
翁,翁,翁,1,AAA
翌,翌,翌,1,AAA
習,習,习,2,AAB
翻,翻,翻,1,AAA
翼,翼,翼,1,AAA
老,老,老,1,AAA
考,考,考,1,AAA
者,者,者,1,AAA
耐,耐,耐,1,AAA
耕,耕,耕,1,AAA
耗,耗,耗,1,AAA
耳,耳,耳,1,AAA
聖,聖,圣,2,AAB
聞,聞,闻,2,AAB
聴,聽,听,5,ABC
職,職,职,2,AAB
肉,肉,肉,1,AAA
肌,肌,肌,1,AAA
肖,肖,肖,1,AAA
肝,肝,肝,1,AAA
肢,肢,肢,1,AAA
肥,肥,肥,1,AAA
肩,肩,肩,1,AAA
肪,肪,肪,1,AAA
肯,肯,肯,1,AAA
育,育,育,1,AAA
肺,肺,肺,1,AAA
胃,胃,胃,1,AAA
胆,膽,胆,3,ABA
背,背,背,1,AAA
胎,胎,胎,1,AAA
胞,胞,胞,1,AAA
胴,胴,胴,1,AAA
胸,胸,胸,1,AAA
能,能,能,1,AAA
脂,脂,脂,1,AAA
脅,脅,胁,2,AAB
脈,脈,脉,2,AAB
脚,脚,脚,1,AAA
脱,脱,脱,1,AAA
脳,腦,脑,5,ABC
脹,脹,胀,2,AAB
腐,腐,腐,1,AAA
腕,腕,腕,1,AAA
腰,腰,腰,1,AAA
腸,腸,肠,2,AAB
腹,腹,腹,1,AAA
膚,膚,肤,2,AAB
膜,膜,膜,1,AAA
膨,膨,膨,1,AAA
臓,臟,脏,5,ABC
臣,臣,臣,1,AAA
臨,臨,临,2,AAB
自,自,自,1,AAA
臭,臭,臭,4,ABB
至,至,至,1,AAA
致,致,致,1,AAA
興,興,兴,2,AAB
舌,舌,舌,1,AAA
舎,舍,舍,4,ABB
舗,舖,铺,5,ABC
舞,舞,舞,1,AAA
舟,舟,舟,1,AAA
航,航,航,1,AAA
般,般,般,1,AAA
舶,舶,舶,1,AAA
船,船,船,1,AAA
艇,艇,艇,1,AAA
艦,艦,舰,2,AAB
良,良,良,1,AAA
色,色,色,1,AAA
芋,芋,芋,1,AAA
芝,芝,芝,1,AAA
花,花,花,1,AAA
芳,芳,芳,1,AAA
芸,芸,芸,1,AAA
芽,芽,芽,1,AAA
苗,苗,苗,1,AAA
若,若,若,1,AAA
苦,苦,苦,1,AAA
英,英,英,1,AAA
茂,茂,茂,1,AAA
茎,莖,茎,5,ABC
茶,茶,茶,1,AAA
草,草,草,1,AAA
荒,荒,荒,1,AAA
荘,莊,庄,5,ABC
荷,荷,荷,1,AAA
菊,菊,菊,1,AAA
菌,菌,菌,1,AAA
菓,菓,菓,1,AAA
菜,菜,菜,1,AAA
華,華,华,2,AAB
落,落,落,1,AAA
葉,葉,叶,2,AAB
著,著,着,2,AAB
葬,葬,葬,1,AAA
蒸,蒸,蒸,1,AAA
蓄,蓄,蓄,1,AAA
蔵,藏,藏,4,ABB
薄,薄,薄,1,AAA
薦,薦,荐,2,AAB
薪,薪,薪,1,AAA
薫,薰,熏,5,ABC
薬,藥,药,5,ABC
藩,藩,藩,1,AAA
藻,藻,藻,1,AAA
虐,虐,虐,1,AAA
虚,虛,虚,3,ABA
虜,虜,虏,2,AAB
虞,虞,虞,1,AAA
虫,虫,虫,1,AAA
蚊,蚊,蚊,1,AAA
蚕,蠶,蚕,3,ABA
蛇,蛇,蛇,1,AAA
蛍,螢,萤,5,ABC
蛮,蠻,蛮,3,ABA
融,融,融,1,AAA
血,血,血,1,AAA
衆,衆,众,2,AAB
行,行,行,1,AAA
術,術,术,2,AAB
街,街,街,1,AAA
衛,衛,卫,2,AAB
衝,衝,冲,2,AAB
衡,衡,衡,1,AAA
衣,衣,衣,1,AAA
表,表,表,1,AAA
衰,衰,衰,1,AAA
衷,衷,衷,1,AAA
袋,袋,袋,1,AAA
被,被,被,1,AAA
裁,裁,裁,1,AAA
裂,裂,裂,1,AAA
装,裝,装,3,ABA
裏,裏,里,2,AAB
裕,裕,裕,1,AAA
補,補,补,2,AAB
裸,裸,裸,1,AAA
製,製,制,2,AAB
複,複,复,2,AAB
褐,褐,褐,4,ABB
褒,褒,褒,1,AAA
襟,襟,襟,1,AAA
襲,襲,袭,2,AAB
西,西,西,1,AAA
要,要,要,1,AAA
覆,覆,覆,1,AAA
覇,覇,覇,1,AAA
見,見,见,2,AAB
規,規,规,2,AAB
視,視,视,2,AAB
覚,覺,觉,5,ABC
覧,覽,览,5,ABC
親,親,亲,2,AAB
観,觀,观,5,ABC
角,角,角,1,AAA
解,解,解,1,AAA
触,觸,触,3,ABA
言,言,言,1,AAA
訂,訂,订,2,AAB
計,計,计,2,AAB
討,討,讨,2,AAB
訓,訓,训,2,AAB
託,託,托,2,AAB
記,記,记,2,AAB
訟,訟,讼,2,AAB
訪,訪,访,2,AAB
設,設,设,2,AAB
許,許,许,2,AAB
訳,譯,译,5,ABC
訴,訴,诉,2,AAB
診,診,诊,2,AAB
証,証,证,2,AAB
詐,詐,诈,2,AAB
詔,詔,诏,2,AAB
評,評,评,2,AAB
詞,詞,词,2,AAB
詠,詠,咏,2,AAB
試,試,试,2,AAB
詩,詩,诗,2,AAB
詰,詰,诘,2,AAB
話,話,话,2,AAB
該,該,该,2,AAB
詳,詳,详,2,AAB
誇,誇,夸,2,AAB
誉,譽,誉,3,ABA
誌,誌,志,2,AAB
認,認,认,2,AAB
誓,誓,誓,1,AAA
誕,誕,诞,2,AAB
誘,誘,诱,2,AAB
語,語,语,2,AAB
誠,誠,诚,2,AAB
誤,誤,误,2,AAB
説,説,说,2,AAB
読,讀,读,5,ABC
課,課,课,2,AAB
調,調,调,2,AAB
談,談,谈,2,AAB
請,請,请,2,AAB
論,論,论,2,AAB
諭,諭,谕,2,AAB
諮,諮,谘,2,AAB
諸,諸,诸,2,AAB
諾,諾,诺,2,AAB
謀,謀,谋,2,AAB
謁,謁,谒,5,ABC
謄,謄,誊,2,AAB
謙,謙,谦,2,AAB
講,講,讲,2,AAB
謝,謝,谢,2,AAB
謡,謠,谣,5,ABC
謹,謹,谨,5,ABC
識,識,识,2,AAB
譜,譜,谱,2,AAB
警,警,警,1,AAA
議,議,议,2,AAB
譲,讓,让,5,ABC
護,護,护,2,AAB
谷,谷,谷,1,AAA
豆,豆,豆,1,AAA
豊,豐,丰,5,ABC
豚,豚,豚,1,AAA
象,象,象,1,AAA
豪,豪,豪,1,AAA
貝,貝,贝,2,AAB
貞,貞,贞,2,AAB
負,負,负,2,AAB
財,財,财,2,AAB
貢,貢,贡,2,AAB
貧,貧,贫,2,AAB
貨,貨,货,2,AAB
販,販,贩,2,AAB
貫,貫,贯,2,AAB
責,責,责,2,AAB
貯,貯,贮,2,AAB
貴,貴,贵,2,AAB
買,買,买,2,AAB
貸,貸,贷,2,AAB
費,費,费,2,AAB
貿,貿,贸,2,AAB
賀,賀,贺,2,AAB
賃,賃,赁,2,AAB
賄,賄,贿,2,AAB
資,資,资,2,AAB
賊,賊,贼,2,AAB
賓,賓,宾,2,AAB
賛,贊,赞,5,ABC
賜,賜,赐,2,AAB
賞,賞,赏,2,AAB
賠,賠,赔,2,AAB
賢,賢,贤,2,AAB
賦,賦,赋,2,AAB
質,質,质,2,AAB
購,購,购,2,AAB
贈,贈,赠,5,ABC
赤,赤,赤,1,AAA
赦,赦,赦,1,AAA
走,走,走,1,AAA
赴,赴,赴,1,AAA
起,起,起,1,AAA
超,超,超,1,AAA
越,越,越,1,AAA
趣,趣,趣,1,AAA
足,足,足,1,AAA
距,距,距,1,AAA
跡,跡,迹,2,AAB
路,路,路,1,AAA
跳,跳,跳,1,AAA
践,踐,践,5,ABC
踊,踊,踊,1,AAA
踏,踏,踏,1,AAA
躍,躍,跃,2,AAB
身,身,身,1,AAA
車,車,车,2,AAB
軌,軌,轨,2,AAB
軍,軍,军,2,AAB
軒,軒,轩,2,AAB
軟,軟,软,2,AAB
転,轉,转,5,ABC
軸,軸,轴,2,AAB
軽,輕,轻,5,ABC
較,較,较,2,AAB
載,載,载,2,AAB
輝,輝,辉,2,AAB
輩,輩,辈,2,AAB
輪,輪,轮,2,AAB
輸,輸,输,2,AAB
轄,轄,辖,2,AAB
辛,辛,辛,1,AAA
辞,辭,辞,3,ABA
辱,辱,辱,1,AAA
農,農,农,2,AAB
辺,邊,边,5,ABC
込,,,0,ANN
迅,迅,迅,1,AAA
迎,迎,迎,1,AAA
近,近,近,1,AAA
返,返,返,1,AAA
迫,迫,迫,1,AAA
迭,迭,迭,1,AAA
述,述,述,1,AAA
迷,迷,迷,1,AAA
追,追,追,1,AAA
退,退,退,1,AAA
送,送,送,1,AAA
逃,逃,逃,1,AAA
逆,逆,逆,1,AAA
透,透,透,1,AAA
逐,逐,逐,1,AAA
逓,遞,递,5,ABC
途,途,途,1,AAA
通,通,通,1,AAA
逝,逝,逝,1,AAA
速,速,速,1,AAA
造,造,造,1,AAA
連,連,连,2,AAB
逮,逮,逮,1,AAA
週,週,周,2,AAB
進,進,进,2,AAB
逸,逸,逸,4,ABB
遂,遂,遂,1,AAA
遅,遲,迟,5,ABC
遇,遇,遇,1,AAA
遊,遊,游,2,AAB
運,運,运,2,AAB
遍,遍,遍,1,AAA
過,過,过,2,AAB
道,道,道,1,AAA
達,達,达,2,AAB
違,違,违,2,AAB
遠,遠,远,2,AAB
遣,遣,遣,1,AAA
適,適,适,2,AAB
遭,遭,遭,1,AAA
遮,遮,遮,1,AAA
遵,遵,遵,1,AAA
遷,遷,迁,2,AAB
選,選,选,2,AAB
遺,遺,遗,2,AAB
避,避,避,1,AAA
還,還,还,2,AAB
邦,邦,邦,1,AAA
邪,邪,邪,1,AAA
邸,邸,邸,1,AAA
郊,郊,郊,1,AAA
郎,郎,郎,1,AAA
郡,郡,郡,1,AAA
部,部,部,1,AAA
郭,郭,郭,1,AAA
郵,郵,邮,2,AAB
郷,鄕,乡,5,ABC
都,都,都,1,AAA
酌,酌,酌,1,AAA
配,配,配,1,AAA
酒,酒,酒,1,AAA
酔,醉,醉,4,ABB
酢,酢,酢,1,AAA
酪,酪,酪,1,AAA
酬,酬,酬,1,AAA
酵,酵,酵,1,AAA
酷,酷,酷,1,AAA
酸,酸,酸,1,AAA
醜,醜,丑,2,AAB
醸,釀,酿,5,ABC
釈,釋,释,5,ABC
里,里,里,1,AAA
重,重,重,1,AAA
野,野,野,1,AAA
量,量,量,1,AAA
金,金,金,1,AAA
針,針,针,2,AAB
釣,釣,钓,2,AAB
鈍,鈍,钝,2,AAB
鈴,鈴,铃,2,AAB
鉄,鐵,铁,5,ABC
鉛,鉛,铅,2,AAB
鉢,鉢,钵,2,AAB
鉱,鑛,矿,5,ABC
銀,銀,银,2,AAB
銃,銃,铳,2,AAB
銅,銅,铜,2,AAB
銑,銑,铣,2,AAB
銘,銘,铭,2,AAB
銭,錢,钱,5,ABC
鋭,鋭,锐,2,AAB
鋳,鑄,铸,5,ABC
鋼,鋼,钢,2,AAB
錘,錘,锤,2,AAB
錠,錠,锭,2,AAB
錬,鍊,炼,5,ABC
錯,錯,错,2,AAB
録,錄,录,5,ABC
鍛,鍛,锻,2,AAB
鎖,鎖,锁,2,AAB
鎮,鎮,镇,2,AAB
鏡,鏡,镜,2,AAB
鐘,鐘,钟,2,AAB
鑑,鑑,鉴,2,AAB
長,長,长,2,AAB
門,門,门,2,AAB
閉,閉,闭,2,AAB
開,開,开,2,AAB
閑,閑,闲,2,AAB
間,間,间,2,AAB
関,關,关,5,ABC
閣,閣,阁,2,AAB
閥,閥,阀,2,AAB
閲,閲,阅,2,AAB
闘,鬪,鬪,4,ABB
防,防,防,1,AAA
阻,阻,阻,1,AAA
附,附,附,1,AAA
降,降,降,1,AAA
限,限,限,1,AAA
陛,陛,陛,1,AAA
院,院,院,1,AAA
陣,陣,阵,2,AAB
除,除,除,1,AAA
陥,陷,陷,4,ABB
陪,陪,陪,1,AAA
陰,陰,阴,2,AAB
陳,陳,陈,2,AAB
陵,陵,陵,1,AAA
陶,陶,陶,1,AAA
陸,陸,陆,2,AAB
険,險,险,5,ABC
陽,陽,阳,2,AAB
隅,隅,隅,1,AAA
隆,隆,隆,4,ABB
隊,隊,队,2,AAB
階,階,阶,2,AAB
随,隨,随,3,ABA
隔,隔,隔,1,AAA
際,際,际,2,AAB
障,障,障,1,AAA
隠,隱,隐,5,ABC
隣,隣,邻,2,AAB
隷,隷,隶,2,AAB
隻,隻,只,2,AAB
雄,雄,雄,1,AAA
雅,雅,雅,1,AAA
集,集,集,1,AAA
雇,雇,雇,1,AAA
雌,雌,雌,1,AAA
雑,雜,杂,5,ABC
離,離,离,2,AAB
難,難,难,2,AAB
雨,雨,雨,1,AAA
雪,雪,雪,1,AAA
雰,雰,雰,1,AAA
雲,雲,云,2,AAB
零,零,零,1,AAA
雷,雷,雷,1,AAA
電,電,电,2,AAB
需,需,需,1,AAA
震,震,震,1,AAA
霊,靈,灵,5,ABC
霜,霜,霜,1,AAA
霧,霧,雾,2,AAB
露,露,露,1,AAA
青,青,青,1,AAA
静,靜,静,3,ABA
非,非,非,1,AAA
面,面,面,1,AAA
革,革,革,1,AAA
靴,靴,靴,1,AAA
音,音,音,1,AAA
韻,韻,韵,2,AAB
響,響,响,5,ABC
頂,頂,顶,2,AAB
項,項,项,2,AAB
順,順,顺,2,AAB
預,預,预,2,AAB
頑,頑,顽,2,AAB
頒,頒,颁,2,AAB
領,領,领,2,AAB
頭,頭,头,2,AAB
頻,頻,频,2,AAB
頼,賴,赖,5,ABC
題,題,题,2,AAB
額,額,额,2,AAB
顔,顏,颜,5,ABC
顕,顯,显,5,ABC
願,願,愿,2,AAB
類,類,类,2,AAB
顧,顧,顾,2,AAB
風,風,风,2,AAB
飛,飛,飞,2,AAB
食,食,食,1,AAA
飢,飢,饥,2,AAB
飯,飯,饭,2,AAB
飲,飲,饮,2,AAB
飼,飼,饲,2,AAB
飽,飽,饱,2,AAB
飾,飾,饰,2,AAB
養,養,养,2,AAB
餓,餓,饿,2,AAB
館,館,馆,2,AAB
首,首,首,1,AAA
香,香,香,1,AAA
馬,馬,马,2,AAB
駄,馱,驮,5,ABC
駅,驛,驿,5,ABC
駆,驅,驱,5,ABC
駐,駐,驻,2,AAB
騎,騎,骑,2,AAB
騒,騷,骚,5,ABC
験,驗,验,5,ABC
騰,騰,腾,2,AAB
驚,驚,惊,2,AAB
骨,骨,骨,1,AAA
髄,髓,髓,4,ABB
高,高,高,1,AAA
髪,髮,发,5,ABC
鬼,鬼,鬼,1,AAA
魂,魂,魂,1,AAA
魅,魅,魅,1,AAA
魔,魔,魔,1,AAA
魚,魚,鱼,2,AAB
鮮,鮮,鲜,2,AAB
鯨,鯨,鲸,2,AAB
鳥,鳥,鸟,2,AAB
鳴,鳴,鸣,2,AAB
鶏,鷄,鸡,5,ABC
麗,麗,丽,2,AAB
麦,麥,麦,3,ABA
麻,麻,麻,1,AAA
黄,黄,黄,1,AAA
黒,黑,黑,4,ABB
黙,默,默,4,ABB
鼓,鼓,鼓,1,AAA
鼻,鼻,鼻,1,AAA
齢,齡,龄,5,ABC
